Workbook
Name harga_satuan: 'Tabel Referensi'!$C$2:$C$6
Name kode_produk_DM: 'Data Mentah'!$C$2:$C$101
Name tabel_clean: Table1[]
Name tabel_data_mentah: 'Data Mentah'!$A$1:$F$101
Name tabel_referensi: 'Tabel Referensi'!$A$1:$D$6

Sheet Data Mentah
A1: ID | B1: Nama Kasir | C1: Kode Produk | D1: Tanggal Beli | E1: Qty | F1: Member
A2: TRX-001 | B2: budi santoso | C2: P-01 | D2: 44938 | E2: 2 | F2: Ya
A3: TRX-002 | B3: SITI AMINAH | C3: P-02 | D3: 44972 | E3: 1 | F3: Tidak
A4: TRX-003 | B4: andi wijaya | C4: P-03 | D4: 44995 | E4: 3 | F4: Ya
A5: TRX-004 | B5: dewi lestari | C5: P-01 | D5: 45021 | E5: 1 | F5: Tidak
A6: TRX-005 | B6: Eko Prasetyo | C6: P-04 | D6: 45058 | E6: 2 | F6: Ya
A7: TRX-006 | B7: Rina mr | C7: P-05 | D7: 45097 | E7: 5 | F7: Tidak
A8: TRX-007 | B8: AGUS SUPRIYADI | C8: P-02 | D8: 45129 | E8: 10 | F8: Ya
A9: TRX-008 | B9: nina herlina | C9: P-03 | D9: 45146 | E9: 2 | F9: Tidak
A10: TRX-009 | B10: Doni Salmanan | C10: P-04 | D10: 45183 | E10: 1 | F10: Ya
A11: TRX-010 | B11: Fajar Nugraha | C11: P-05 | D11: 45200 | E11: 3 | F11: Tidak
A12: TRX-011 | B12: GINA sonia | C12: P-01 | D12: 45241 | E12: 1 | F12: Ya
A13: TRX-012 | B13: Hendra Gunawan | C13: P-02 | D13: 45285 | E13: 4 | F13: Tidak
... A101: TRX-100 | B101: umay shahab | C101: P-03 | D101: 45672 | E101: 2 | F101: Ya

Sheet Tabel Referensi
A1: Kode Produk | B1: Nama Produk | C1: Harga Satuan | D1: Kategori
A2: P-01 | B2: Laptop Pro 14 | C2: 12500000 | D2: Komputer
A3: P-02 | B3: Mouse Wireless | C3: 150000 | D3: Aksesoris
A4: P-03 | B4: Keyboard Mechanical | C4: 450000 | D4: Aksesoris
A5: P-04 | B5: Monitor 27 Inch | C5: 2100000 | D5: Komputer
A6: P-05 | B6: Flashdisk 64GB | C6: 95000 | D6: Aksesoris

Sheet Data Bersih
A1: LAPORAN PENJUALAN TOKO ELEKTRONIK CAHYA NUSANTARA (JANUARY 2023 - JUNE 2023)
A3: ID | B3: Nama Kasir | C3: Kode Produk | D3: Nama Produk | E3: Harga Satuan | F3: Kategori | G3: Tanggal Beli | H3: Quantity | I3: Total Harga | J3: Member | K3: Status Diskon | L3: Nominal Diskon | M3: Total Bayar
A4: TRX-001 | B4: =PROPER(TRIM(VLOOKUP(Table1[[#This Row],[ID]],tabel_data_mentah,2,FALSE))) -> Budi Santoso | C4: =VLOOKUP(Table1[[#This Row],[ID]],tabel_data_mentah,3,FALSE) -> P-01 | D4: =VLOOKUP(Table1[[#This Row],[Kode Produk]],tabel_referensi,2,FALSE) -> Laptop Pro 14 | E4: =VLOOKUP(Table1[[#This Row],[Kode Produk]],tabel_referensi,3,FALSE) -> 12500000 | F4: =VLOOKUP(Table1[[#This Row],[Kode Produk]],tabel_referensi,4,FALSE) -> Komputer | G4: =INDEX('Data Mentah'!$E$2:$E$101,MATCH(Table1[[#This Row],[Kode Produk]],'Data Mentah'!$C$2:$C$101,0)) -> 2 | H4: =INDEX('Data Mentah'!$E$2:$E$101,MATCH(Table1[[#This Row],[Kode Produk]],'Data Mentah'!$C$2:$C$101,0)) -> 2 | I4: =Table1[[#This Row],[Harga Satuan]]*Table1[[#This Row],[Quantity]] -> 25000000 | J4: =VLOOKUP(Table1[[#This Row],[ID]],tabel_data_mentah,6,FALSE) -> Ya | K4: =IF(AND(Table1[[#This Row],[Member]]="Ya",Table1[[#This Row],[Total Harga]]>1000000),"10%","0%") -> 10% | L4: =Table1[[#This Row],[Status Diskon]]*Table1[[#This Row],[Total Harga]] -> 2500000 | M4: =Table1[[#This Row],[Total Harga]]-Table1[[#This Row],[Nominal Diskon]] -> 22500000
A5: TRX-002 | B5: =PROPER(TRIM(VLOOKUP(Table1[[#This Row],[ID]],tabel_data_mentah,2,FALSE))) -> Siti Aminah | C5: =VLOOKUP(Table1[[#This Row],[ID]],tabel_data_mentah,3,FALSE) -> P-02 | D5: =VLOOKUP(Table1[[#This Row],[Kode Produk]],tabel_referensi,2,FALSE) -> Mouse Wireless | E5: =VLOOKUP(Table1[[#This Row],[Kode Produk]],tabel_referensi,3,FALSE) -> 150000 | F5: =VLOOKUP(Table1[[#This Row],[Kode Produk]],tabel_referensi,4,FALSE) -> Aksesoris | G5: =INDEX('Data Mentah'!$D$2:$D$101,MATCH(Table1[[#This Row],[Kode Produk]],'Data Mentah'!$C$2:$C$101,0)) -> 44972 | H5: =INDEX('Data Mentah'!$E$2:$E$101,MATCH(Table1[[#This Row],[Kode Produk]],'Data Mentah'!$C$2:$C$101,0)) -> 1 | I5: =Table1[[#This Row],[Harga Satuan]]*Table1[[#This Row],[Quantity]] -> 150000 | J5: =VLOOKUP(Table1[[#This Row],[ID]],tabel_data_mentah,6,FALSE) -> Tidak | K5: =IF(AND(Table1[[#This Row],[Member]]="Ya",Table1[[#This Row],[Total Harga]]>1000000),"10%","0%") -> 0% | L5: =Table1[[#This Row],[Status Diskon]]*Table1[[#This Row],[Total Harga]] -> 0 | M5: =Table1[[#This Row],[Total Harga]]-Table1[[#This Row],[Nominal Diskon]] -> 150000
A6: TRX-003 | B6: =PROPER(TRIM(VLOOKUP(Table1[[#This Row],[ID]],tabel_data_mentah,2,FALSE))) -> Andi Wijaya | C6: =VLOOKUP(Table1[[#This Row],[ID]],tabel_data_mentah,3,FALSE) -> P-03 | D6: =VLOOKUP(Table1[[#This Row],[Kode Produk]],tabel_referensi,2,FALSE) -> Keyboard Mechanical | E6: =VLOOKUP(Table1[[#This Row],[Kode Produk]],tabel_referensi,3,FALSE) -> 450000 | F6: =VLOOKUP(Table1[[#This Row],[Kode Produk]],tabel_referensi,4,FALSE) -> Aksesoris | G6: =INDEX('Data Mentah'!$D$2:$D$101,MATCH(Table1[[#This Row],[Kode Produk]],'Data Mentah'!$C$2:$C$101,0)) -> 44995 | H6: =INDEX('Data Mentah'!$E$2:$E$101,MATCH(Table1[[#This Row],[Kode Produk]],'Data Mentah'!$C$2:$C$101,0)) -> 3 | I6: =Table1[[#This Row],[Harga Satuan]]*Table1[[#This Row],[Quantity]] -> 1350000 | J6: =VLOOKUP(Table1[[#This Row],[ID]],tabel_data_mentah,6,FALSE) -> Ya | K6: =IF(AND(Table1[[#This Row],[Member]]="Ya",Table1[[#This Row],[Total Harga]]>1000000),"10%","0%") -> 10% | L6: =Table1[[#This Row],[Status Diskon]]*Table1[[#This Row],[Total Harga]] -> 135000 | M6: =Table1[[#This Row],[Total Harga]]-Table1[[#This Row],[Nominal Diskon]] -> 1215000
A7: TRX-004 | B7: =PROPER(TRIM(VLOOKUP(Table1[[#This Row],[ID]],tabel_data_mentah,2,FALSE))) -> Dewi Lestari | C7: =VLOOKUP(Table1[[#This Row],[ID]],tabel_data_mentah,3,FALSE) -> P-01 | D7: =VLOOKUP(Table1[[#This Row],[Kode Produk]],tabel_referensi,2,FALSE) -> Laptop Pro 14 | E7: =VLOOKUP(Table1[[#This Row],[Kode Produk]],tabel_referensi,3,FALSE) -> 12500000 | F7: =VLOOKUP(Table1[[#This Row],[Kode Produk]],tabel_referensi,4,FALSE) -> Komputer | G7: =INDEX('Data Mentah'!$D$2:$D$101,MATCH(Table1[[#This Row],[Kode Produk]],'Data Mentah'!$C$2:$C$101,0)) -> 44938 | H7: =INDEX('Data Mentah'!$E$2:$E$101,MATCH(Table1[[#This Row],[Kode Produk]],'Data Mentah'!$C$2:$C$101,0)) -> 2 | I7: =Table1[[#This Row],[Harga Satuan]]*Table1[[#This Row],[Quantity]] -> 25000000 | J7: =VLOOKUP(Table1[[#This Row],[ID]],tabel_data_mentah,6,FALSE) -> Tidak | K7: =IF(AND(Table1[[#This Row],[Member]]="Ya",Table1[[#This Row],[Total Harga]]>1000000),"10%","0%") -> 0% | L7: =Table1[[#This Row],[Status Diskon]]*Table1[[#This Row],[Total Harga]] -> 0 | M7: =Table1[[#This Row],[Total Harga]]-Table1[[#This Row],[Nominal Diskon]] -> 25000000
A8: TRX-005 | B8: =PROPER(TRIM(VLOOKUP(Table1[[#This Row],[ID]],tabel_data_mentah,2,FALSE))) -> Eko Prasetyo | C8: =VLOOKUP(Table1[[#This Row],[ID]],tabel_data_mentah,3,FALSE) -> P-04 | D8: =VLOOKUP(Table1[[#This Row],[Kode Produk]],tabel_referensi,2,FALSE) -> Monitor 27 Inch | E8: =VLOOKUP(Table1[[#This Row],[Kode Produk]],tabel_referensi,3,FALSE) -> 2100000 | F8: =VLOOKUP(Table1[[#This Row],[Kode Produk]],tabel_referensi,4,FALSE) -> Komputer | G8: =INDEX('Data Mentah'!$D$2:$D$101,MATCH(Table1[[#This Row],[Kode Produk]],'Data Mentah'!$C$2:$C$101,0)) -> 45058 | H8: =INDEX('Data Mentah'!$E$2:$E$101,MATCH(Table1[[#This Row],[Kode Produk]],'Data Mentah'!$C$2:$C$101,0)) -> 2 | I8: =Table1[[#This Row],[Harga Satuan]]*Table1[[#This Row],[Quantity]] -> 4200000 | J8: =VLOOKUP(Table1[[#This Row],[ID]],tabel_data_mentah,6,FALSE) -> Ya | K8: =IF(AND(Table1[[#This Row],[Member]]="Ya",Table1[[#This Row],[Total Harga]]>1000000),"10%","0%") -> 10% | L8: =Table1[[#This Row],[Status Diskon]]*Table1[[#This Row],[Total Harga]] -> 420000 | M8: =Table1[[#This Row],[Total Harga]]-Table1[[#This Row],[Nominal Diskon]] -> 3780000
A9: TRX-006 | B9: =PROPER(TRIM(VLOOKUP(Table1[[#This Row],[ID]],tabel_data_mentah,2,FALSE))) -> Rina Mr | C9: =VLOOKUP(Table1[[#This Row],[ID]],tabel_data_mentah,3,FALSE) -> P-05 | D9: =VLOOKUP(Table1[[#This Row],[Kode Produk]],tabel_referensi,2,FALSE) -> Flashdisk 64GB | E9: =VLOOKUP(Table1[[#This Row],[Kode Produk]],tabel_referensi,3,FALSE) -> 95000 | F9: =VLOOKUP(Table1[[#This Row],[Kode Produk]],tabel_referensi,4,FALSE) -> Aksesoris | G9: =INDEX('Data Mentah'!$D$2:$D$101,MATCH(Table1[[#This Row],[Kode Produk]],'Data Mentah'!$C$2:$C$101,0)) -> 45097 | H9: =INDEX('Data Mentah'!$E$2:$E$101,MATCH(Table1[[#This Row],[Kode Produk]],'Data Mentah'!$C$2:$C$101,0)) -> 5 | I9: =Table1[[#This Row],[Harga Satuan]]*Table1[[#This Row],[Quantity]] -> 475000 | J9: =VLOOKUP(Table1[[#This Row],[ID]],tabel_data_mentah,6,FALSE) -> Tidak | K9: =IF(AND(Table1[[#This Row],[Member]]="Ya",Table1[[#This Row],[Total Harga]]>1000000),"10%","0%") -> 0% | L9: =Table1[[#This Row],[Status Diskon]]*Table1[[#This Row],[Total Harga]] -> 0 | M9: =Table1[[#This Row],[Total Harga]]-Table1[[#This Row],[Nominal Diskon]] -> 475000
A10: TRX-007 | B10: =PROPER(TRIM(VLOOKUP(Table1[[#This Row],[ID]],tabel_data_mentah,2,FALSE))) -> Agus Supriyadi | C10: =VLOOKUP(Table1[[#This Row],[ID]],tabel_data_mentah,3,FALSE) -> P-02 | D10: =VLOOKUP(Table1[[#This Row],[Kode Produk]],tabel_referensi,2,FALSE) -> Mouse Wireless | E10: =VLOOKUP(Table1[[#This Row],[Kode Produk]],tabel_referensi,3,FALSE) -> 150000 | F10: =VLOOKUP(Table1[[#This Row],[Kode Produk]],tabel_referensi,4,FALSE) -> Aksesoris | G10: =INDEX('Data Mentah'!$D$2:$D$101,MATCH(Table1[[#This Row],[Kode Produk]],'Data Mentah'!$C$2:$C$101,0)) -> 44972 | H10: =INDEX('Data Mentah'!$E$2:$E$101,MATCH(Table1[[#This Row],[Kode Produk]],'Data Mentah'!$C$2:$C$101,0)) -> 1 | I10: =Table1[[#This Row],[Harga Satuan]]*Table1[[#This Row],[Quantity]] -> 150000 | J10: =VLOOKUP(Table1[[#This Row],[ID]],tabel_data_mentah,6,FALSE) -> Ya | K10: =IF(AND(Table1[[#This Row],[Member]]="Ya",Table1[[#This Row],[Total Harga]]>1000000),"10%","0%") -> 0% | L10: =Table1[[#This Row],[Status Diskon]]*Table1[[#This Row],[Total Harga]] -> 0 | M10: =Table1[[#This Row],[Total Harga]]-Table1[[#This Row],[Nominal Diskon]] -> 150000
A11: TRX-008 | B11: =PROPER(TRIM(VLOOKUP(Table1[[#This Row],[ID]],tabel_data_mentah,2,FALSE))) -> Nina Herlina | C11: =VLOOKUP(Table1[[#This Row],[ID]],tabel_data_mentah,3,FALSE) -> P-03 | D11: =VLOOKUP(Table1[[#This Row],[Kode Produk]],tabel_referensi,2,FALSE) -> Keyboard Mechanical | E11: =VLOOKUP(Table1[[#This Row],[Kode Produk]],tabel_referensi,3,FALSE) -> 450000 | F11: =VLOOKUP(Table1[[#This Row],[Kode Produk]],tabel_referensi,4,FALSE) -> Aksesoris | G11: =INDEX('Data Mentah'!$D$2:$D$101,MATCH(Table1[[#This Row],[Kode Produk]],'Data Mentah'!$C$2:$C$101,0)) -> 44995 | H11: =INDEX('Data Mentah'!$E$2:$E$101,MATCH(Table1[[#This Row],[Kode Produk]],'Data Mentah'!$C$2:$C$101,0)) -> 3 | I11: =Table1[[#This Row],[Harga Satuan]]*Table1[[#This Row],[Quantity]] -> 1350000 | J11: =VLOOKUP(Table1[[#This Row],[ID]],tabel_data_mentah,6,FALSE) -> Tidak | K11: =IF(AND(Table1[[#This Row],[Member]]="Ya",Table1[[#This Row],[Total Harga]]>1000000),"10%","0%") -> 0% | L11: =Table1[[#This Row],[Status Diskon]]*Table1[[#This Row],[Total Harga]] -> 0 | M11: =Table1[[#This Row],[Total Harga]]-Table1[[#This Row],[Nominal Diskon]] -> 1350000
A12: TRX-009 | B12: =PROPER(TRIM(VLOOKUP(Table1[[#This Row],[ID]],tabel_data_mentah,2,FALSE))) -> Doni Salmanan | C12: =VLOOKUP(Table1[[#This Row],[ID]],tabel_data_mentah,3,FALSE) -> P-04 | D12: =VLOOKUP(Table1[[#This Row],[Kode Produk]],tabel_referensi,2,FALSE) -> Monitor 27 Inch | E12: =VLOOKUP(Table1[[#This Row],[Kode Produk]],tabel_referensi,3,FALSE) -> 2100000 | F12: =VLOOKUP(Table1[[#This Row],[Kode Produk]],tabel_referensi,4,FALSE) -> Komputer | G12: =INDEX('Data Mentah'!$D$2:$D$101,MATCH(Table1[[#This Row],[Kode Produk]],'Data Mentah'!$C$2:$C$101,0)) -> 45058 | H12: =INDEX('Data Mentah'!$E$2:$E$101,MATCH(Table1[[#This Row],[Kode Produk]],'Data Mentah'!$C$2:$C$101,0)) -> 2 | I12: =Table1[[#This Row],[Harga Satuan]]*Table1[[#This Row],[Quantity]] -> 4200000 | J12: =VLOOKUP(Table1[[#This Row],[ID]],tabel_data_mentah,6,FALSE) -> Ya | K12: =IF(AND(Table1[[#This Row],[Member]]="Ya",Table1[[#This Row],[Total Harga]]>1000000),"10%","0%") -> 10% | L12: =Table1[[#This Row],[Status Diskon]]*Table1[[#This Row],[Total Harga]] -> 420000 | M12: =Table1[[#This Row],[Total Harga]]-Table1[[#This Row],[Nominal Diskon]] -> 3780000
A13: TRX-010 | B13: =PROPER(TRIM(VLOOKUP(Table1[[#This Row],[ID]],tabel_data_mentah,2,FALSE))) -> Fajar Nugraha | C13: =VLOOKUP(Table1[[#This Row],[ID]],tabel_data_mentah,3,FALSE) -> P-05 | D13: =VLOOKUP(Table1[[#This Row],[Kode Produk]],tabel_referensi,2,FALSE) -> Flashdisk 64GB | E13: =VLOOKUP(Table1[[#This Row],[Kode Produk]],tabel_referensi,3,FALSE) -> 95000 | F13: =VLOOKUP(Table1[[#This Row],[Kode Produk]],tabel_referensi,4,FALSE) -> Aksesoris | G13: =INDEX('Data Mentah'!$D$2:$D$101,MATCH(Table1[[#This Row],[Kode Produk]],'Data Mentah'!$C$2:$C$101,0)) -> 45097 | H13: =INDEX('Data Mentah'!$E$2:$E$101,MATCH(Table1[[#This Row],[Kode Produk]],'Data Mentah'!$C$2:$C$101,0)) -> 5 | I13: =Table1[[#This Row],[Harga Satuan]]*Table1[[#This Row],[Quantity]] -> 475000 | J13: =VLOOKUP(Table1[[#This Row],[ID]],tabel_data_mentah,6,FALSE) -> Tidak | K13: =IF(AND(Table1[[#This Row],[Member]]="Ya",Table1[[#This Row],[Total Harga]]>1000000),"10%","0%") -> 0% | L13: =Table1[[#This Row],[Status Diskon]]*Table1[[#This Row],[Total Harga]] -> 0 | M13: =Table1[[#This Row],[Total Harga]]-Table1[[#This Row],[Nominal Diskon]] -> 475000
A14: TRX-011 | B14: =PROPER(TRIM(VLOOKUP(Table1[[#This Row],[ID]],tabel_data_mentah,2,FALSE))) -> Gina Sonia | C14: =VLOOKUP(Table1[[#This Row],[ID]],tabel_data_mentah,3,FALSE) -> P-01 | D14: =VLOOKUP(Table1[[#This Row],[Kode Produk]],tabel_referensi,2,FALSE) -> Laptop Pro 14 | E14: =VLOOKUP(Table1[[#This Row],[Kode Produk]],tabel_referensi,3,FALSE) -> 12500000 | F14: =VLOOKUP(Table1[[#This Row],[Kode Produk]],tabel_referensi,4,FALSE) -> Komputer | G14: =INDEX('Data Mentah'!$D$2:$D$101,MATCH(Table1[[#This Row],[Kode Produk]],'Data Mentah'!$C$2:$C$101,0)) -> 44938 | H14: =INDEX('Data Mentah'!$E$2:$E$101,MATCH(Table1[[#This Row],[Kode Produk]],'Data Mentah'!$C$2:$C$101,0)) -> 2 | I14: =Table1[[#This Row],[Harga Satuan]]*Table1[[#This Row],[Quantity]] -> 25000000 | J14: =VLOOKUP(Table1[[#This Row],[ID]],tabel_data_mentah,6,FALSE) -> Ya | K14: =IF(AND(Table1[[#This Row],[Member]]="Ya",Table1[[#This Row],[Total Harga]]>1000000),"10%","0%") -> 10% | L14: =Table1[[#This Row],[Status Diskon]]*Table1[[#This Row],[Total Harga]] -> 2500000 | M14: =Table1[[#This Row],[Total Harga]]-Table1[[#This Row],[Nominal Diskon]] -> 22500000
A15: TRX-012 | B15: =PROPER(TRIM(VLOOKUP(Table1[[#This Row],[ID]],tabel_data_mentah,2,FALSE))) -> Hendra Gunawan | C15: =VLOOKUP(Table1[[#This Row],[ID]],tabel_data_mentah,3,FALSE) -> P-02 | D15: =VLOOKUP(Table1[[#This Row],[Kode Produk]],tabel_referensi,2,FALSE) -> Mouse Wireless | E15: =VLOOKUP(Table1[[#This Row],[Kode Produk]],tabel_referensi,3,FALSE) -> 150000 | F15: =VLOOKUP(Table1[[#This Row],[Kode Produk]],tabel_referensi,4,FALSE) -> Aksesoris | G15: =INDEX('Data Mentah'!$D$2:$D$101,MATCH(Table1[[#This Row],[Kode Produk]],'Data Mentah'!$C$2:$C$101,0)) -> 44972 | H15: =INDEX('Data Mentah'!$E$2:$E$101,MATCH(Table1[[#This Row],[Kode Produk]],'Data Mentah'!$C$2:$C$101,0)) -> 1 | I15: =Table1[[#This Row],[Harga Satuan]]*Table1[[#This Row],[Quantity]] -> 150000 | J15: =VLOOKUP(Table1[[#This Row],[ID]],tabel_data_mentah,6,FALSE) -> Tidak | K15: =IF(AND(Table1[[#This Row],[Member]]="Ya",Table1[[#This Row],[Total Harga]]>1000000),"10%","0%") -> 0% | L15: =Table1[[#This Row],[Status Diskon]]*Table1[[#This Row],[Total Harga]] -> 0 | M15: =Table1[[#This Row],[Total Harga]]-Table1[[#This Row],[Nominal Diskon]] -> 150000
A16: TRX-013 | B16: =PROPER(TRIM(VLOOKUP(Table1[[#This Row],[ID]],tabel_data_mentah,2,FALSE))) -> Indra Bekti | C16: =VLOOKUP(Table1[[#This Row],[ID]],tabel_data_mentah,3,FALSE) -> P-03 | D16: =VLOOKUP(Table1[[#This Row],[Kode Produk]],tabel_referensi,2,FALSE) -> Keyboard Mechanical | E16: =VLOOKUP(Table1[[#This Row],[Kode Produk]],tabel_referensi,3,FALSE) -> 450000 | F16: =VLOOKUP(Table1[[#This Row],[Kode Produk]],tabel_referensi,4,FALSE) -> Aksesoris | G16: =INDEX('Data Mentah'!$D$2:$D$101,MATCH(Table1[[#This Row],[Kode Produk]],'Data Mentah'!$C$2:$C$101,0)) -> 44995 | H16: =INDEX('Data Mentah'!$E$2:$E$101,MATCH(Table1[[#This Row],[Kode Produk]],'Data Mentah'!$C$2:$C$101,0)) -> 3 | I16: =Table1[[#This Row],[Harga Satuan]]*Table1[[#This Row],[Quantity]] -> 1350000 | J16: =VLOOKUP(Table1[[#This Row],[ID]],tabel_data_mentah,6,FALSE) -> Ya | K16: =IF(AND(Table1[[#This Row],[Member]]="Ya",Table1[[#This Row],[Total Harga]]>1000000),"10%","0%") -> 10% | L16: =Table1[[#This Row],[Status Diskon]]*Table1[[#This Row],[Total Harga]] -> 135000 | M16: =Table1[[#This Row],[Total Harga]]-Table1[[#This Row],[Nominal Diskon]] -> 1215000
... A103: TRX-100 | B103: =PROPER(TRIM(VLOOKUP(Table1[[#This Row],[ID]],tabel_data_mentah,2,FALSE))) -> Umay Shahab | C103: =VLOOKUP(Table1[[#This Row],[ID]],tabel_data_mentah,3,FALSE) -> P-03 | D103: =VLOOKUP(Table1[[#This Row],[Kode Produk]],tabel_referensi,2,FALSE) -> Keyboard Mechanical | E103: =VLOOKUP(Table1[[#This Row],[Kode Produk]],tabel_referensi,3,FALSE) -> 450000 | F103: =VLOOKUP(Table1[[#This Row],[Kode Produk]],tabel_referensi,4,FALSE) -> Aksesoris | G103: =INDEX('Data Mentah'!$D$2:$D$101,MATCH(Table1[[#This Row],[Kode Produk]],'Data Mentah'!$C$2:$C$101,0)) -> 44995 | H103: =INDEX('Data Mentah'!$E$2:$E$101,MATCH(Table1[[#This Row],[Kode Produk]],'Data Mentah'!$C$2:$C$101,0)) -> 3 | I103: =Table1[[#This Row],[Harga Satuan]]*Table1[[#This Row],[Quantity]] -> 1350000 | J103: =VLOOKUP(Table1[[#This Row],[ID]],tabel_data_mentah,6,FALSE) -> Ya | K103: =IF(AND(Table1[[#This Row],[Member]]="Ya",Table1[[#This Row],[Total Harga]]>1000000),"10%","0%") -> 10% | L103: =Table1[[#This Row],[Status Diskon]]*Table1[[#This Row],[Total Harga]] -> 135000 | M103: =Table1[[#This Row],[Total Harga]]-Table1[[#This Row],[Nominal Diskon]] -> 1215000

Sheet Dashboard
A1: LAPORAN PENJUALAN TOKO ELEKTRONIK CAHYA NUSANTARA (JANUARY 2023 - JUNE 2023)
A2: Dianalisis Oleh : Bernardinus Marianus Ngere
A4: Total Pendapatan | C4: Rata-rata Transaksi | E4: Transaksi Tertinggi | G4: Transaksi Terendah
A5: =SUM('Data Bersih'!M4:M103) -> 589895000 | C5: =AVERAGE('Data Bersih'!M4:M103) -> 5898950 | E5: =MAX('Data Bersih'!M4:M103) -> 25000000 | G5: =MIN('Data Bersih'!M4:M103) -> 150000
A8: PENJUALAN TIAP PRODUK
A9: # | B9: Kode Produk | C9: Nama Produk | E9: Quantity Terjual | G9: Total Pendapatan
A10: 1 | B10: P-01 | C10: Laptop Pro 14 | E10: =SUMIF('Data Bersih'!C4:$C$103,Dashboard!B10,'Data Bersih'!H4:$H$103) -> 40 | G10: =SUMIF('Data Bersih'!C4:$C$103,Dashboard!B10,'Data Bersih'!M4:$M$103) -> 472500000
A11: 2 | B11: P-02 | C11: Mouse Wireless | E11: =SUMIF('Data Bersih'!C5:$C$103,Dashboard!B11,'Data Bersih'!H5:$H$103) -> 20 | G11: =SUMIF('Data Bersih'!C5:$C$103,Dashboard!B11,'Data Bersih'!M5:$M$103) -> 3000000
A12: 3 | B12: P-03 | C12: Keyboard Mechanical | E12: =SUMIF('Data Bersih'!C6:$C$103,Dashboard!B12,'Data Bersih'!H6:$H$103) -> 60 | G12: =SUMIF('Data Bersih'!C6:$C$103,Dashboard!B12,'Data Bersih'!M6:$M$103) -> 25515000
A13: 4 | B13: P-04 | C13: Monitor 27 Inch | E13: =SUMIF('Data Bersih'!C7:$C$103,Dashboard!B13,'Data Bersih'!H7:$H$103) -> 40 | G13: =SUMIF('Data Bersih'!C7:$C$103,Dashboard!B13,'Data Bersih'!M7:$M$103) -> 79380000
A14: 5 | B14: P-05 | C14: Flashdisk 64GB | E14: =SUMIF('Data Bersih'!C8:$C$103,Dashboard!B14,'Data Bersih'!H8:$H$103) -> 100 | G14: =SUMIF('Data Bersih'!C8:$C$103,Dashboard!B14,'Data Bersih'!M8:$M$103) -> 9500000
A16: PENJUALAN BERDASARKAN KATEGORI
A17: # | B17: Kategori Produk | C17: Quantity Terjual | E17: Total Pendapatan
A18: 1 | B18: Komputer | C18: =SUMIF('Data Bersih'!F4:$F$103,Dashboard!B18,'Data Bersih'!H4:$H$103) -> 80 | E18: =SUMIF('Data Bersih'!F4:$F$103,Dashboard!B18,'Data Bersih'!M4:$M$103) -> 551880000
A19: 2 | B19: Aksesoris | C19: =SUMIF('Data Bersih'!F5:$F$103,Dashboard!B19,'Data Bersih'!H5:$H$103) -> 180 | E19: =SUMIF('Data Bersih'!F5:$F$103,Dashboard!B19,'Data Bersih'!M5:$M$103) -> 38015000
