Workbook
Name NativeTimeline_Tanggal_Beli: #N/A
Name NativeTimeline_Tanggal_Beli1: #N/A
Name NativeTimeline_Tanggal_Beli2: #N/A
Name NativeTimeline_Tanggal_Beli3: #N/A
Name NativeTimeline_Tanggal_Beli4: #N/A
Name tabel_data_mentah: '[1]Data Mentah'!$A$1:$F$101
Name tabel_referensi: '[1]Tabel Referensi'!$A$1:$D$6

Sheet Data Mentah
A1: ID | B1: Nama Kasir | C1: Kode Produk | D1: Tanggal Beli | E1: Qty | F1: Member
A2: TRX-001 | B2: budi santoso | C2: P-01 | D2: 44938 | E2: 2 | F2: Ya
A3: TRX-002 | B3: SITI AMINAH | C3: P-02 | D3: 44972 | E3: 1 | F3: Tidak
A4: TRX-003 | B4: andi wijaya | C4: P-03 | D4: 44995 | E4: 3 | F4: Ya
A5: TRX-004 | B5: dewi lestari | C5: P-01 | D5: 45021 | E5: 1 | F5: Tidak
A6: TRX-005 | B6: Eko Prasetyo | C6: P-04 | D6: 45058 | E6: 2 | F6: Ya
A7: TRX-006 | B7: Rina mr | C7: P-05 | D7: 45097 | E7: 5 | F7: Tidak
A8: TRX-007 | B8: AGUS SUPRIYADI | C8: P-02 | D8: 45129 | E8: 10 | F8: Ya
A9: TRX-008 | B9: nina herlina | C9: P-03 | D9: 45146 | E9: 2 | F9: Tidak
A10: TRX-009 | B10: Doni Salmanan | C10: P-04 | D10: 45183 | E10: 1 | F10: Ya
A11: TRX-010 | B11: Fajar Nugraha | C11: P-05 | D11: 45200 | E11: 3 | F11: Tidak
A12: TRX-011 | B12: GINA sonia | C12: P-01 | D12: 45241 | E12: 1 | F12: Ya
A13: TRX-012 | B13: Hendra Gunawan | C13: P-02 | D13: 45285 | E13: 4 | F13: Tidak
... A101: TRX-100 | B101: umay shahab | C101: P-03 | D101: 45672 | E101: 2 | F101: Ya

Sheet Tabel Referensi
A1: Kode Produk | B1: Nama Produk | C1: Harga Satuan | D1: Kategori
A2: P-01 | B2: Laptop Pro 14 | C2: 12500000 | D2: Komputer
A3: P-02 | B3: Mouse Wireless | C3: 150000 | D3: Aksesoris
A4: P-03 | B4: Keyboard Mechanical | C4: 450000 | D4: Aksesoris
A5: P-04 | B5: Monitor 27 Inch | C5: 2100000 | D5: Komputer
A6: P-05 | B6: Flashdisk 64GB | C6: 95000 | D6: Aksesoris

Sheet Penjualan
A1: LAPORAN PENJUALAN TOKO ELEKTRONIK CAHYA NUSANTARA (JANUARY 2023 - JANUARY 2025)
A3: ID | B3: Nama Kasir | C3: Kode Produk | D3: Nama Produk | E3: Harga Satuan | F3: Kategori | G3: Tanggal Beli | H3: Quantity | I3: Total Harga | J3: Member | K3: Status Diskon | L3: Nominal Diskon | M3: Total Bayar
A4: TRX-001 | B4: =PROPER(_xlfn.XLOOKUP(Table1[[#This Row],[ID]],'Data Mentah'!$A$2:$A$101,'Data Mentah'!$B$2:$B$101,"",0)) -> Budi Santoso | C4: =_xlfn.XLOOKUP(Table1[[#This Row],[ID]],'Data Mentah'!$A$2:$A$101,'Data Mentah'!$C$2:$C$101,"",0) -> P-01 | D4: =VLOOKUP(Table1[[#This Row],[Kode Produk]],'Tabel Referensi'!$A$2:$B$6,2,FALSE) -> Laptop Pro 14 | E4: =INDEX('Tabel Referensi'!$C$2:$C$6,MATCH(Table1[[#This Row],[Kode Produk]],'Tabel Referensi'!$A$2:$A$6,0)) -> 12500000 | F4: =INDEX('Tabel Referensi'!$D$2:$D$6,MATCH(Table1[[#This Row],[Kode Produk]],'Tabel Referensi'!$A$2:$A$6,0)) -> Komputer | G4: =_xlfn.XLOOKUP(Table1[[#This Row],[ID]],'Data Mentah'!$A$1:$A$101,'Data Mentah'!$D$1:$D$101,"",0) -> 44938 | H4: =_xlfn.XLOOKUP(Table1[[#This Row],[ID]],'Data Mentah'!$A$1:$A$101,'Data Mentah'!$E$1:$E$101,"",0) -> 2 | I4: =Table1[[#This Row],[Harga Satuan]]*Table1[[#This Row],[Quantity]] -> 25000000 | J4: =INDEX('Data Mentah'!$F$2:$F$101,MATCH(Table1[[#This Row],[ID]],'Data Mentah'!$A$2:$A$101,0)) -> Ya | K4: =IF(AND(Table1[[#This Row],[Member]]="Ya",Table1[[#This Row],[Total Harga]]>=1000000),"10%","0%") -> 10% | L4: =Table1[[#This Row],[Total Harga]]*Table1[[#This Row],[Status Diskon]] -> 2500000 | M4: =Table1[[#This Row],[Total Harga]]-Table1[[#This Row],[Nominal Diskon]] -> 22500000
A5: TRX-026 | B5: =PROPER(_xlfn.XLOOKUP(Table1[[#This Row],[ID]],'Data Mentah'!$A$2:$A$101,'Data Mentah'!$B$2:$B$101,"",0)) -> Budi Santoso | C5: =_xlfn.XLOOKUP(Table1[[#This Row],[ID]],'Data Mentah'!$A$2:$A$101,'Data Mentah'!$C$2:$C$101,"",0) -> P-02 | D5: =VLOOKUP(Table1[[#This Row],[Kode Produk]],'Tabel Referensi'!$A$2:$B$6,2,FALSE) -> Mouse Wireless | E5: =INDEX('Tabel Referensi'!$C$2:$C$6,MATCH(Table1[[#This Row],[Kode Produk]],'Tabel Referensi'!$A$2:$A$6,0)) -> 150000 | F5: =INDEX('Tabel Referensi'!$D$2:$D$6,MATCH(Table1[[#This Row],[Kode Produk]],'Tabel Referensi'!$A$2:$A$6,0)) -> Aksesoris | G5: =_xlfn.XLOOKUP(Table1[[#This Row],[ID]],'Data Mentah'!$A$1:$A$101,'Data Mentah'!$D$1:$D$101,"",0) -> 44941 | H5: =_xlfn.XLOOKUP(Table1[[#This Row],[ID]],'Data Mentah'!$A$1:$A$101,'Data Mentah'!$E$1:$E$101,"",0) -> 1 | I5: =Table1[[#This Row],[Harga Satuan]]*Table1[[#This Row],[Quantity]] -> 150000 | J5: =INDEX('Data Mentah'!$F$2:$F$101,MATCH(Table1[[#This Row],[ID]],'Data Mentah'!$A$2:$A$101,0)) -> Ya | K5: =IF(AND(Table1[[#This Row],[Member]]="Ya",Table1[[#This Row],[Total Harga]]>=1000000),"10%","0%") -> 0% | L5: =Table1[[#This Row],[Total Harga]]*Table1[[#This Row],[Status Diskon]] -> 0 | M5: =Table1[[#This Row],[Total Harga]]-Table1[[#This Row],[Nominal Diskon]] -> 150000
A6: TRX-051 | B6: =PROPER(_xlfn.XLOOKUP(Table1[[#This Row],[ID]],'Data Mentah'!$A$2:$A$101,'Data Mentah'!$B$2:$B$101,"",0)) -> Budi Santoso | C6: =_xlfn.XLOOKUP(Table1[[#This Row],[ID]],'Data Mentah'!$A$2:$A$101,'Data Mentah'!$C$2:$C$101,"",0) -> P-03 | D6: =VLOOKUP(Table1[[#This Row],[Kode Produk]],'Tabel Referensi'!$A$2:$B$6,2,FALSE) -> Keyboard Mechanical | E6: =INDEX('Tabel Referensi'!$C$2:$C$6,MATCH(Table1[[#This Row],[Kode Produk]],'Tabel Referensi'!$A$2:$A$6,0)) -> 450000 | F6: =INDEX('Tabel Referensi'!$D$2:$D$6,MATCH(Table1[[#This Row],[Kode Produk]],'Tabel Referensi'!$A$2:$A$6,0)) -> Aksesoris | G6: =_xlfn.XLOOKUP(Table1[[#This Row],[ID]],'Data Mentah'!$A$1:$A$101,'Data Mentah'!$D$1:$D$101,"",0) -> 44946 | H6: =_xlfn.XLOOKUP(Table1[[#This Row],[ID]],'Data Mentah'!$A$1:$A$101,'Data Mentah'!$E$1:$E$101,"",0) -> 1 | I6: =Table1[[#This Row],[Harga Satuan]]*Table1[[#This Row],[Quantity]] -> 450000 | J6: =INDEX('Data Mentah'!$F$2:$F$101,MATCH(Table1[[#This Row],[ID]],'Data Mentah'!$A$2:$A$101,0)) -> Ya | K6: =IF(AND(Table1[[#This Row],[Member]]="Ya",Table1[[#This Row],[Total Harga]]>=1000000),"10%","0%") -> 0% | L6: =Table1[[#This Row],[Total Harga]]*Table1[[#This Row],[Status Diskon]] -> 0 | M6: =Table1[[#This Row],[Total Harga]]-Table1[[#This Row],[Nominal Diskon]] -> 450000
A7: TRX-076 | B7: =PROPER(_xlfn.XLOOKUP(Table1[[#This Row],[ID]],'Data Mentah'!$A$2:$A$101,'Data Mentah'!$B$2:$B$101,"",0)) -> Budi Santoso | C7: =_xlfn.XLOOKUP(Table1[[#This Row],[ID]],'Data Mentah'!$A$2:$A$101,'Data Mentah'!$C$2:$C$101,"",0) -> P-04 | D7: =VLOOKUP(Table1[[#This Row],[Kode Produk]],'Tabel Referensi'!$A$2:$B$6,2,FALSE) -> Monitor 27 Inch | E7: =INDEX('Tabel Referensi'!$C$2:$C$6,MATCH(Table1[[#This Row],[Kode Produk]],'Tabel Referensi'!$A$2:$A$6,0)) -> 2100000 | F7: =INDEX('Tabel Referensi'!$D$2:$D$6,MATCH(Table1[[#This Row],[Kode Produk]],'Tabel Referensi'!$A$2:$A$6,0)) -> Komputer | G7: =_xlfn.XLOOKUP(Table1[[#This Row],[ID]],'Data Mentah'!$A$1:$A$101,'Data Mentah'!$D$1:$D$101,"",0) -> 44951 | H7: =_xlfn.XLOOKUP(Table1[[#This Row],[ID]],'Data Mentah'!$A$1:$A$101,'Data Mentah'!$E$1:$E$101,"",0) -> 1 | I7: =Table1[[#This Row],[Harga Satuan]]*Table1[[#This Row],[Quantity]] -> 2100000 | J7: =INDEX('Data Mentah'!$F$2:$F$101,MATCH(Table1[[#This Row],[ID]],'Data Mentah'!$A$2:$A$101,0)) -> Ya | K7: =IF(AND(Table1[[#This Row],[Member]]="Ya",Table1[[#This Row],[Total Harga]]>=1000000),"10%","0%") -> 10% | L7: =Table1[[#This Row],[Total Harga]]*Table1[[#This Row],[Status Diskon]] -> 210000 | M7: =Table1[[#This Row],[Total Harga]]-Table1[[#This Row],[Nominal Diskon]] -> 1890000
A8: TRX-002 | B8: =PROPER(_xlfn.XLOOKUP(Table1[[#This Row],[ID]],'Data Mentah'!$A$2:$A$101,'Data Mentah'!$B$2:$B$101,"",0)) -> Siti Aminah | C8: =_xlfn.XLOOKUP(Table1[[#This Row],[ID]],'Data Mentah'!$A$2:$A$101,'Data Mentah'!$C$2:$C$101,"",0) -> P-02 | D8: =VLOOKUP(Table1[[#This Row],[Kode Produk]],'Tabel Referensi'!$A$2:$B$6,2,FALSE) -> Mouse Wireless | E8: =INDEX('Tabel Referensi'!$C$2:$C$6,MATCH(Table1[[#This Row],[Kode Produk]],'Tabel Referensi'!$A$2:$A$6,0)) -> 150000 | F8: =INDEX('Tabel Referensi'!$D$2:$D$6,MATCH(Table1[[#This Row],[Kode Produk]],'Tabel Referensi'!$A$2:$A$6,0)) -> Aksesoris | G8: =_xlfn.XLOOKUP(Table1[[#This Row],[ID]],'Data Mentah'!$A$1:$A$101,'Data Mentah'!$D$1:$D$101,"",0) -> 44972 | H8: =_xlfn.XLOOKUP(Table1[[#This Row],[ID]],'Data Mentah'!$A$1:$A$101,'Data Mentah'!$E$1:$E$101,"",0) -> 1 | I8: =Table1[[#This Row],[Harga Satuan]]*Table1[[#This Row],[Quantity]] -> 150000 | J8: =INDEX('Data Mentah'!$F$2:$F$101,MATCH(Table1[[#This Row],[ID]],'Data Mentah'!$A$2:$A$101,0)) -> Tidak | K8: =IF(AND(Table1[[#This Row],[Member]]="Ya",Table1[[#This Row],[Total Harga]]>=1000000),"10%","0%") -> 0% | L8: =Table1[[#This Row],[Total Harga]]*Table1[[#This Row],[Status Diskon]] -> 0 | M8: =Table1[[#This Row],[Total Harga]]-Table1[[#This Row],[Nominal Diskon]] -> 150000
A9: TRX-027 | B9: =PROPER(_xlfn.XLOOKUP(Table1[[#This Row],[ID]],'Data Mentah'!$A$2:$A$101,'Data Mentah'!$B$2:$B$101,"",0)) -> Siti Aminah | C9: =_xlfn.XLOOKUP(Table1[[#This Row],[ID]],'Data Mentah'!$A$2:$A$101,'Data Mentah'!$C$2:$C$101,"",0) -> P-03 | D9: =VLOOKUP(Table1[[#This Row],[Kode Produk]],'Tabel Referensi'!$A$2:$B$6,2,FALSE) -> Keyboard Mechanical | E9: =INDEX('Tabel Referensi'!$C$2:$C$6,MATCH(Table1[[#This Row],[Kode Produk]],'Tabel Referensi'!$A$2:$A$6,0)) -> 450000 | F9: =INDEX('Tabel Referensi'!$D$2:$D$6,MATCH(Table1[[#This Row],[Kode Produk]],'Tabel Referensi'!$A$2:$A$6,0)) -> Aksesoris | G9: =_xlfn.XLOOKUP(Table1[[#This Row],[ID]],'Data Mentah'!$A$1:$A$101,'Data Mentah'!$D$1:$D$101,"",0) -> 44975 | H9: =_xlfn.XLOOKUP(Table1[[#This Row],[ID]],'Data Mentah'!$A$1:$A$101,'Data Mentah'!$E$1:$E$101,"",0) -> 2 | I9: =Table1[[#This Row],[Harga Satuan]]*Table1[[#This Row],[Quantity]] -> 900000 | J9: =INDEX('Data Mentah'!$F$2:$F$101,MATCH(Table1[[#This Row],[ID]],'Data Mentah'!$A$2:$A$101,0)) -> Tidak | K9: =IF(AND(Table1[[#This Row],[Member]]="Ya",Table1[[#This Row],[Total Harga]]>=1000000),"10%","0%") -> 0% | L9: =Table1[[#This Row],[Total Harga]]*Table1[[#This Row],[Status Diskon]] -> 0 | M9: =Table1[[#This Row],[Total Harga]]-Table1[[#This Row],[Nominal Diskon]] -> 900000
A10: TRX-052 | B10: =PROPER(_xlfn.XLOOKUP(Table1[[#This Row],[ID]],'Data Mentah'!$A$2:$A$101,'Data Mentah'!$B$2:$B$101,"",0)) -> Siti Aminah | C10: =_xlfn.XLOOKUP(Table1[[#This Row],[ID]],'Data Mentah'!$A$2:$A$101,'Data Mentah'!$C$2:$C$101,"",0) -> P-04 | D10: =VLOOKUP(Table1[[#This Row],[Kode Produk]],'Tabel Referensi'!$A$2:$B$6,2,FALSE) -> Monitor 27 Inch | E10: =INDEX('Tabel Referensi'!$C$2:$C$6,MATCH(Table1[[#This Row],[Kode Produk]],'Tabel Referensi'!$A$2:$A$6,0)) -> 2100000 | F10: =INDEX('Tabel Referensi'!$D$2:$D$6,MATCH(Table1[[#This Row],[Kode Produk]],'Tabel Referensi'!$A$2:$A$6,0)) -> Komputer | G10: =_xlfn.XLOOKUP(Table1[[#This Row],[ID]],'Data Mentah'!$A$1:$A$101,'Data Mentah'!$D$1:$D$101,"",0) -> 44979 | H10: =_xlfn.XLOOKUP(Table1[[#This Row],[ID]],'Data Mentah'!$A$1:$A$101,'Data Mentah'!$E$1:$E$101,"",0) -> 2 | I10: =Table1[[#This Row],[Harga Satuan]]*Table1[[#This Row],[Quantity]] -> 4200000 | J10: =INDEX('Data Mentah'!$F$2:$F$101,MATCH(Table1[[#This Row],[ID]],'Data Mentah'!$A$2:$A$101,0)) -> Tidak | K10: =IF(AND(Table1[[#This Row],[Member]]="Ya",Table1[[#This Row],[Total Harga]]>=1000000),"10%","0%") -> 0% | L10: =Table1[[#This Row],[Total Harga]]*Table1[[#This Row],[Status Diskon]] -> 0 | M10: =Table1[[#This Row],[Total Harga]]-Table1[[#This Row],[Nominal Diskon]] -> 4200000
A11: TRX-077 | B11: =PROPER(_xlfn.XLOOKUP(Table1[[#This Row],[ID]],'Data Mentah'!$A$2:$A$101,'Data Mentah'!$B$2:$B$101,"",0)) -> Siti Aminah | C11: =_xlfn.XLOOKUP(Table1[[#This Row],[ID]],'Data Mentah'!$A$2:$A$101,'Data Mentah'!$C$2:$C$101,"",0) -> P-05 | D11: =VLOOKUP(Table1[[#This Row],[Kode Produk]],'Tabel Referensi'!$A$2:$B$6,2,FALSE) -> Flashdisk 64GB | E11: =INDEX('Tabel Referensi'!$C$2:$C$6,MATCH(Table1[[#This Row],[Kode Produk]],'Tabel Referensi'!$A$2:$A$6,0)) -> 95000 | F11: =INDEX('Tabel Referensi'!$D$2:$D$6,MATCH(Table1[[#This Row],[Kode Produk]],'Tabel Referensi'!$A$2:$A$6,0)) -> Aksesoris | G11: =_xlfn.XLOOKUP(Table1[[#This Row],[ID]],'Data Mentah'!$A$1:$A$101,'Data Mentah'!$D$1:$D$101,"",0) -> 44982 | H11: =_xlfn.XLOOKUP(Table1[[#This Row],[ID]],'Data Mentah'!$A$1:$A$101,'Data Mentah'!$E$1:$E$101,"",0) -> 7 | I11: =Table1[[#This Row],[Harga Satuan]]*Table1[[#This Row],[Quantity]] -> 665000 | J11: =INDEX('Data Mentah'!$F$2:$F$101,MATCH(Table1[[#This Row],[ID]],'Data Mentah'!$A$2:$A$101,0)) -> Tidak | K11: =IF(AND(Table1[[#This Row],[Member]]="Ya",Table1[[#This Row],[Total Harga]]>=1000000),"10%","0%") -> 0% | L11: =Table1[[#This Row],[Total Harga]]*Table1[[#This Row],[Status Diskon]] -> 0 | M11: =Table1[[#This Row],[Total Harga]]-Table1[[#This Row],[Nominal Diskon]] -> 665000
A12: TRX-003 | B12: =PROPER(_xlfn.XLOOKUP(Table1[[#This Row],[ID]],'Data Mentah'!$A$2:$A$101,'Data Mentah'!$B$2:$B$101,"",0)) -> Andi Wijaya | C12: =_xlfn.XLOOKUP(Table1[[#This Row],[ID]],'Data Mentah'!$A$2:$A$101,'Data Mentah'!$C$2:$C$101,"",0) -> P-03 | D12: =VLOOKUP(Table1[[#This Row],[Kode Produk]],'Tabel Referensi'!$A$2:$B$6,2,FALSE) -> Keyboard Mechanical | E12: =INDEX('Tabel Referensi'!$C$2:$C$6,MATCH(Table1[[#This Row],[Kode Produk]],'Tabel Referensi'!$A$2:$A$6,0)) -> 450000 | F12: =INDEX('Tabel Referensi'!$D$2:$D$6,MATCH(Table1[[#This Row],[Kode Produk]],'Tabel Referensi'!$A$2:$A$6,0)) -> Aksesoris | G12: =_xlfn.XLOOKUP(Table1[[#This Row],[ID]],'Data Mentah'!$A$1:$A$101,'Data Mentah'!$D$1:$D$101,"",0) -> 44995 | H12: =_xlfn.XLOOKUP(Table1[[#This Row],[ID]],'Data Mentah'!$A$1:$A$101,'Data Mentah'!$E$1:$E$101,"",0) -> 3 | I12: =Table1[[#This Row],[Harga Satuan]]*Table1[[#This Row],[Quantity]] -> 1350000 | J12: =INDEX('Data Mentah'!$F$2:$F$101,MATCH(Table1[[#This Row],[ID]],'Data Mentah'!$A$2:$A$101,0)) -> Ya | K12: =IF(AND(Table1[[#This Row],[Member]]="Ya",Table1[[#This Row],[Total Harga]]>=1000000),"10%","0%") -> 10% | L12: =Table1[[#This Row],[Total Harga]]*Table1[[#This Row],[Status Diskon]] -> 135000 | M12: =Table1[[#This Row],[Total Harga]]-Table1[[#This Row],[Nominal Diskon]] -> 1215000
A13: TRX-028 | B13: =PROPER(_xlfn.XLOOKUP(Table1[[#This Row],[ID]],'Data Mentah'!$A$2:$A$101,'Data Mentah'!$B$2:$B$101,"",0)) -> Andi Wijaya | C13: =_xlfn.XLOOKUP(Table1[[#This Row],[ID]],'Data Mentah'!$A$2:$A$101,'Data Mentah'!$C$2:$C$101,"",0) -> P-04 | D13: =VLOOKUP(Table1[[#This Row],[Kode Produk]],'Tabel Referensi'!$A$2:$B$6,2,FALSE) -> Monitor 27 Inch | E13: =INDEX('Tabel Referensi'!$C$2:$C$6,MATCH(Table1[[#This Row],[Kode Produk]],'Tabel Referensi'!$A$2:$A$6,0)) -> 2100000 | F13: =INDEX('Tabel Referensi'!$D$2:$D$6,MATCH(Table1[[#This Row],[Kode Produk]],'Tabel Referensi'!$A$2:$A$6,0)) -> Komputer | G13: =_xlfn.XLOOKUP(Table1[[#This Row],[ID]],'Data Mentah'!$A$1:$A$101,'Data Mentah'!$D$1:$D$101,"",0) -> 44997 | H13: =_xlfn.XLOOKUP(Table1[[#This Row],[ID]],'Data Mentah'!$A$1:$A$101,'Data Mentah'!$E$1:$E$101,"",0) -> 1 | I13: =Table1[[#This Row],[Harga Satuan]]*Table1[[#This Row],[Quantity]] -> 2100000 | J13: =INDEX('Data Mentah'!$F$2:$F$101,MATCH(Table1[[#This Row],[ID]],'Data Mentah'!$A$2:$A$101,0)) -> Ya | K13: =IF(AND(Table1[[#This Row],[Member]]="Ya",Table1[[#This Row],[Total Harga]]>=1000000),"10%","0%") -> 10% | L13: =Table1[[#This Row],[Total Harga]]*Table1[[#This Row],[Status Diskon]] -> 210000 | M13: =Table1[[#This Row],[Total Harga]]-Table1[[#This Row],[Nominal Diskon]] -> 1890000
A14: TRX-053 | B14: =PROPER(_xlfn.XLOOKUP(Table1[[#This Row],[ID]],'Data Mentah'!$A$2:$A$101,'Data Mentah'!$B$2:$B$101,"",0)) -> Andi Wijaya | C14: =_xlfn.XLOOKUP(Table1[[#This Row],[ID]],'Data Mentah'!$A$2:$A$101,'Data Mentah'!$C$2:$C$101,"",0) -> P-05 | D14: =VLOOKUP(Table1[[#This Row],[Kode Produk]],'Tabel Referensi'!$A$2:$B$6,2,FALSE) -> Flashdisk 64GB | E14: =INDEX('Tabel Referensi'!$C$2:$C$6,MATCH(Table1[[#This Row],[Kode Produk]],'Tabel Referensi'!$A$2:$A$6,0)) -> 95000 | F14: =INDEX('Tabel Referensi'!$D$2:$D$6,MATCH(Table1[[#This Row],[Kode Produk]],'Tabel Referensi'!$A$2:$A$6,0)) -> Aksesoris | G14: =_xlfn.XLOOKUP(Table1[[#This Row],[ID]],'Data Mentah'!$A$1:$A$101,'Data Mentah'!$D$1:$D$101,"",0) -> 45000 | H14: =_xlfn.XLOOKUP(Table1[[#This Row],[ID]],'Data Mentah'!$A$1:$A$101,'Data Mentah'!$E$1:$E$101,"",0) -> 6 | I14: =Table1[[#This Row],[Harga Satuan]]*Table1[[#This Row],[Quantity]] -> 570000 | J14: =INDEX('Data Mentah'!$F$2:$F$101,MATCH(Table1[[#This Row],[ID]],'Data Mentah'!$A$2:$A$101,0)) -> Ya | K14: =IF(AND(Table1[[#This Row],[Member]]="Ya",Table1[[#This Row],[Total Harga]]>=1000000),"10%","0%") -> 0% | L14: =Table1[[#This Row],[Total Harga]]*Table1[[#This Row],[Status Diskon]] -> 0 | M14: =Table1[[#This Row],[Total Harga]]-Table1[[#This Row],[Nominal Diskon]] -> 570000
A15: TRX-078 | B15: =PROPER(_xlfn.XLOOKUP(Table1[[#This Row],[ID]],'Data Mentah'!$A$2:$A$101,'Data Mentah'!$B$2:$B$101,"",0)) -> Andi Wijaya | C15: =_xlfn.XLOOKUP(Table1[[#This Row],[ID]],'Data Mentah'!$A$2:$A$101,'Data Mentah'!$C$2:$C$101,"",0) -> P-01 | D15: =VLOOKUP(Table1[[#This Row],[Kode Produk]],'Tabel Referensi'!$A$2:$B$6,2,FALSE) -> Laptop Pro 14 | E15: =INDEX('Tabel Referensi'!$C$2:$C$6,MATCH(Table1[[#This Row],[Kode Produk]],'Tabel Referensi'!$A$2:$A$6,0)) -> 12500000 | F15: =INDEX('Tabel Referensi'!$D$2:$D$6,MATCH(Table1[[#This Row],[Kode Produk]],'Tabel Referensi'!$A$2:$A$6,0)) -> Komputer | G15: =_xlfn.XLOOKUP(Table1[[#This Row],[ID]],'Data Mentah'!$A$1:$A$101,'Data Mentah'!$D$1:$D$101,"",0) -> 45003 | H15: =_xlfn.XLOOKUP(Table1[[#This Row],[ID]],'Data Mentah'!$A$1:$A$101,'Data Mentah'!$E$1:$E$101,"",0) -> 1 | I15: =Table1[[#This Row],[Harga Satuan]]*Table1[[#This Row],[Quantity]] -> 12500000 | J15: =INDEX('Data Mentah'!$F$2:$F$101,MATCH(Table1[[#This Row],[ID]],'Data Mentah'!$A$2:$A$101,0)) -> Ya | K15: =IF(AND(Table1[[#This Row],[Member]]="Ya",Table1[[#This Row],[Total Harga]]>=1000000),"10%","0%") -> 10% | L15: =Table1[[#This Row],[Total Harga]]*Table1[[#This Row],[Status Diskon]] -> 1250000 | M15: =Table1[[#This Row],[Total Harga]]-Table1[[#This Row],[Nominal Diskon]] -> 11250000
... A103: TRX-100 | B103: =PROPER(_xlfn.XLOOKUP(Table1[[#This Row],[ID]],'Data Mentah'!$A$2:$A$101,'Data Mentah'!$B$2:$B$101,"",0)) -> Umay Shahab | C103: =_xlfn.XLOOKUP(Table1[[#This Row],[ID]],'Data Mentah'!$A$2:$A$101,'Data Mentah'!$C$2:$C$101,"",0) -> P-03 | D103: =VLOOKUP(Table1[[#This Row],[Kode Produk]],'Tabel Referensi'!$A$2:$B$6,2,FALSE) -> Keyboard Mechanical | E103: =INDEX('Tabel Referensi'!$C$2:$C$6,MATCH(Table1[[#This Row],[Kode Produk]],'Tabel Referensi'!$A$2:$A$6,0)) -> 450000 | F103: =INDEX('Tabel Referensi'!$D$2:$D$6,MATCH(Table1[[#This Row],[Kode Produk]],'Tabel Referensi'!$A$2:$A$6,0)) -> Aksesoris | G103: =_xlfn.XLOOKUP(Table1[[#This Row],[ID]],'Data Mentah'!$A$1:$A$101,'Data Mentah'!$D$1:$D$101,"",0) -> 45672 | H103: =_xlfn.XLOOKUP(Table1[[#This Row],[ID]],'Data Mentah'!$A$1:$A$101,'Data Mentah'!$E$1:$E$101,"",0) -> 2 | I103: =Table1[[#This Row],[Harga Satuan]]*Table1[[#This Row],[Quantity]] -> 900000 | J103: =INDEX('Data Mentah'!$F$2:$F$101,MATCH(Table1[[#This Row],[ID]],'Data Mentah'!$A$2:$A$101,0)) -> Ya | K103: =IF(AND(Table1[[#This Row],[Member]]="Ya",Table1[[#This Row],[Total Harga]]>=1000000),"10%","0%") -> 0% | L103: =Table1[[#This Row],[Total Harga]]*Table1[[#This Row],[Status Diskon]] -> 0 | M103: =Table1[[#This Row],[Total Harga]]-Table1[[#This Row],[Nominal Diskon]] -> 900000

Sheet TotalSalesFlashdisk
A4: Sum of Total Bayar | C4: Nama Produk
A5: Years (Tanggal Beli) | B5: Months (Tanggal Beli) | C5: Flashdisk 64GB
A6: 2023 | B6: Mar | C6: 570000
B7: Apr | C7: 380000

Sheet TotalSalesKeyboard
A4: Sum of Total Bayar | C4: Nama Produk
A5: Years (Tanggal Beli) | B5: Months (Tanggal Beli) | C5: Keyboard Mechanical
A6: 2023 | B6: Jan | C6: 450000
B7: Feb | C7: 900000
B8: Mar | C8: 1215000
B9: May | C9: 900000
B10: Jun | C10: 450000
B11: Jul | C11: 450000
B12: Aug | C12: 900000
B13: Oct | C13: 450000
B14: Nov | C14: 900000
B15: Dec | C15: 450000
A16: 2024 | B16: Jan | C16: 900000
B17: Mar | C17: 900000
B18: Apr | C18: 450000
B19: May | C19: 450000
B20: Jun | C20: 450000
B21: Sep | C21: 1800000
B22: Oct | C22: 900000
B23: Nov | C23: 1215000
A24: 2025 | B24: Jan | C24: 900000

Sheet TotalSalesMonitor
A4: Sum of Total Bayar | C4: Nama Produk
A5: Years (Tanggal Beli) | B5: Months (Tanggal Beli) | C5: Monitor 27 Inch
A6: 2023 | B6: Jan | C6: 1890000
B7: Feb | C7: 4200000
B8: Mar | C8: 1890000
B9: May | C9: 3780000
B10: Jun | C10: 2100000
B11: Jul | C11: 3780000
B12: Aug | C12: 4200000
B13: Sep | C13: 1890000

Sheet TotalSalesLaptopPro
A4: Sum of Total Bayar | C4: Nama Produk
A5: Years (Tanggal Beli) | B5: Months (Tanggal Beli) | C5: Laptop Pro 14
A6: 2023 | B6: Mar | C6: 11250000
B7: Apr | C7: 25000000
B8: May | C8: 22500000
B9: Aug | C9: 25000000
B10: Sep | C10: 11250000
B11: Oct | C11: 12500000
B12: Nov | C12: 11250000
A13: 2024 | B13: Jan | C13: 11250000

Sheet TotalSalesMouse
A4: Sum of Total Bayar | C4: Nama Produk
A5: Years (Tanggal Beli) | B5: Months (Tanggal Beli) | C5: Mouse Wireless
A6: 2023 | B6: Jan | C6: 150000
B7: Feb | C7: 150000
B8: Apr | C8: 450000
B9: May | C9: 450000
B10: Jun | C10: 450000
B11: Jul | C11: 1350000
B12: Sep | C12: 750000
B13: Oct | C13: 600000

Sheet CategorySales
A4: Kategori | B4: Sum of Total Bayar
A5: Aksesoris | B5: 35060000
A6: Komputer | B6: 345500000

Sheet Top5Sales
A4: Nama Kasir | B4: Sum of Total Bayar
A5: Budi Santoso | B5: 24990000
A6: Dewi Lestari | B6: 25830000
A7: Eko Prasetyo | B7: 27630000
A8: Nina Herlina | B8: 30575000
A9: Umay Shahab | B9: 24950000
